"slug","expectedPublishedAt","actualPublishedAt","expectedDateModified","actualDateModified","status"
"how-do-smart-speakers-use-artificial-intelligence","2024-03-18T14:15:06Z","2024-03-18T14:15:06.000Z","2024-07-15T20:10:47Z","2024-07-15T20:10:47.000Z","ok"
"smart-plugs-vs-traditional-outlets","2024-03-21T08:17:55Z","2024-03-21T08:17:55.000Z","2024-07-15T20:10:44Z","2024-07-15T20:10:44.000Z","ok"
"how-to-choose-the-right-smart-plugs-for-my-home","2024-03-21T08:17:55Z","2024-03-21T08:17:55.000Z","2024-06-26T03:25:53Z","2024-06-26T03:25:53.000Z","ok"
"top-7-smart-locks-to-enhance-your-home-security","2024-03-21T08:17:55Z","2024-03-21T08:17:55.000Z","2024-06-26T03:26:06Z","2024-06-26T03:26:06.000Z","ok"
"z-wave-technology-smart-home-hubs","2024-04-06T21:24:22Z","2024-04-06T21:24:22.000Z","2024-07-15T20:13:18Z","2024-07-15T20:13:18.000Z","ok"
"top-7-smart-speakers-products-for-enhanced-living","2024-04-12T06:55:18Z","2024-04-12T06:55:18.000Z","2024-06-26T03:17:03Z","2024-06-26T03:17:03.000Z","ok"
"transform-your-space-with-tp-link-tapo-l530e-smart-light-bulbs","2024-04-12T06:55:18Z","2024-04-12T06:55:18.000Z","2024-07-15T20:13:41Z","2024-07-15T20:13:41.000Z","ok"
"smart-light-bulbs-wifi-connected-smart-home-system","2024-04-18T10:24:35Z","2024-04-18T10:24:35.000Z","2024-07-15T20:10:39Z","2024-07-15T20:10:39.000Z","ok"
"review-govee-smart-light-bulbs-4-pack","2024-04-18T10:24:38Z","2024-04-18T10:24:38.000Z","2024-07-15T20:14:18Z","2024-07-15T20:14:18.000Z","ok"
"smart-water-heaters-troubleshooting-common-issues","2024-04-18T10:24:38Z","2024-04-18T10:24:38.000Z","2024-07-15T20:08:22Z","2024-07-15T20:08:22.000Z","ok"
"sunrise-vs-traditional-alarm-clocks","2024-04-18T10:24:38Z","2024-04-18T10:24:38.000Z","2024-07-15T20:12:06Z","2024-07-15T20:12:06.000Z","ok"
"amazon-smart-air-quality-monitor-review","2024-04-18T10:24:41Z","2024-04-18T10:24:41.000Z","2024-07-15T20:08:16Z","2024-07-15T20:08:16.000Z","ok"
"set-up-homekit-compatible-devices","2024-04-18T10:24:43Z","2024-04-18T10:24:43.000Z","2024-07-15T20:13:26Z","2024-07-15T20:13:26.000Z","ok"
"kasa-smart-2k-indoor-security-camera-review","2024-04-18T10:24:45Z","2024-04-18T10:24:45.000Z","2024-07-15T20:10:36Z","2024-07-15T20:10:36.000Z","ok"
"share-access-arlo-pro-3-camera","2024-04-18T10:24:47Z","2024-04-18T10:24:47.000Z","2024-06-26T03:23:54Z","2024-06-26T03:23:54.000Z","ok"
"configure-smart-security-sensors","2024-04-18T10:24:47Z","2024-04-18T10:24:47.000Z","2024-06-26T03:26:14Z","2024-06-26T03:26:14.000Z","ok"
"best-way-use-smart-alexa","2024-04-18T10:24:48Z","2024-04-18T10:24:48.000Z","2024-07-16T09:03:26Z","2024-07-16T09:03:26.000Z","ok"
"top-6-wireless-security-cameras-2024","2024-04-18T10:24:52Z","2024-04-18T10:24:52.000Z","2024-06-26T03:26:22Z","2024-06-26T03:26:22.000Z","ok"
"top-7-smart-thermostat-apps-for-phone","2024-04-18T10:24:52Z","2024-04-18T10:24:52.000Z","2024-06-26T03:23:39Z","2024-06-26T03:23:39.000Z","ok"
"configure-smart-garage-door","2024-04-18T10:24:53Z","2024-04-18T10:24:53.000Z","2024-06-26T05:43:12Z","2024-06-26T05:43:12.000Z","ok"
"smartpet-wifi-vs-5g-feeder","2024-04-18T10:24:56Z","2024-04-18T10:24:56.000Z","2024-06-26T03:26:12Z","2024-06-26T03:26:12.000Z","ok"
"smart-ac-controller","2024-04-18T10:24:57Z","2024-04-18T10:24:57.000Z","2024-07-15T20:00:12Z","2024-07-15T20:00:12.000Z","ok"
"switchbot-motorized-blinds-kit","2024-04-18T10:24:57Z","2024-04-18T10:24:57.000Z","2024-07-15T20:03:11Z","2024-07-15T20:03:11.000Z","ok"
"levoit-core200s-air-purifier-wifi","2024-04-18T10:24:57Z","2024-04-18T10:24:57.000Z","2024-07-15T20:00:14Z","2024-07-15T20:00:14.000Z","ok"
"top-7-smart-blinds-upgrade-home","2024-04-18T10:24:58Z","2024-04-18T10:24:58.000Z","2024-07-15T20:00:53Z","2024-07-15T20:00:53.000Z","ok"
"what-is-a-smart-home-complete-guide-to-smart-home-technology-2025","2025-06-05T23:29:37Z","2025-06-05T23:29:37.000Z","2025-06-05T23:29:37Z","2025-06-05T23:29:37.000Z","ok"
"maintain-clean-smart-robot","2024-04-18T10:24:35Z","2024-04-18T10:24:35.000Z","2024-07-16T08:35:07Z","2024-07-16T08:35:07.000Z","ok"
"smartthings-station-vs-sengled","2024-03-16T21:46:47Z","2024-03-16T21:46:47.000Z","2024-07-16T08:41:48Z","2024-07-16T08:41:48.000Z","ok"
"understanding-the-different-types-of-security-camera-mounts","2024-03-18T18:29:30Z","2024-03-18T18:29:30.000Z","2024-07-16T08:59:24Z","2024-07-16T08:59:24.000Z","ok"
"benefits-of-smart-lighting","2024-03-19T01:18:47Z","2024-03-19T01:18:47.000Z","2024-07-16T08:51:14Z","2024-07-16T08:51:14.000Z","ok"
"how-to-set-up-a-smart-speaker","2024-03-19T04:33:28Z","2024-03-19T04:33:28.000Z","2024-07-16T08:59:53Z","2024-07-16T08:59:53.000Z","ok"
"how-to-maintain-and-care-for-your-security-cameras","2024-03-19T09:32:16Z","2024-03-19T09:32:16.000Z","2024-07-16T09:02:03Z","2024-07-16T09:02:03.000Z","ok"
"smart-lighting-how-to-set-up","2024-03-19T17:46:03Z","2024-03-19T17:46:03.000Z","2024-07-16T08:44:52Z","2024-07-16T08:44:52.000Z","ok"
"honeywell-step-by-step-guide","2024-03-20T00:17:16Z","2024-03-20T00:17:16.000Z","2024-07-15T20:13:15Z","2024-07-15T20:13:15.000Z","ok"
"troubleshooting-common-issues-with-smart-doorbells","2024-03-21T08:17:54Z","2024-03-21T08:17:54.000Z","2024-07-15T20:10:51Z","2024-07-15T20:10:51.000Z","ok"
"how-to-troubleshoot-common-thermostat-issues","2024-03-21T08:17:55Z","2024-03-21T08:17:55.000Z","2024-07-15T20:05:42Z","2024-07-15T20:05:42.000Z","ok"
"do-smart-locks-need-internet","2024-03-21T08:17:55Z","2024-03-21T08:17:55.000Z","2024-07-16T08:56:03Z","2024-07-16T08:56:03.000Z","ok"
"how-to-perform-regular-maintenance-on-your-smart-lock","2024-03-21T08:17:55Z","2024-03-21T08:17:55.000Z","2024-07-15T20:06:13Z","2024-07-15T20:06:13.000Z","ok"
"how-to-customize-settings-on-your-smart-doorbell","2024-03-21T08:17:55Z","2024-03-21T08:17:55.000Z","2024-07-15T20:14:19Z","2024-07-15T20:14:19.000Z","ok"
"voice-activated-assistants-healthcare","2024-04-06T21:24:22Z","2024-04-06T21:24:22.000Z","2024-07-16T08:59:54Z","2024-07-16T08:59:54.000Z","ok"
"set-up-wifi-smart-light-bulbs","2024-04-06T21:24:22Z","2024-04-06T21:24:22.000Z","2024-07-16T09:01:36Z","2024-07-16T09:01:36.000Z","ok"
"top-6-security-cameras-for-home-protection","2024-04-12T06:55:18Z","2024-04-12T06:55:18.000Z","2024-07-15T20:13:34Z","2024-07-15T20:13:34.000Z","ok"
"echo-dot-5th-gen-2024-vibrant-sound","2024-04-12T06:55:18Z","2024-04-12T06:55:18.000Z","2024-07-16T08:56:17Z","2024-07-16T08:56:17.000Z","ok"
"blink-outdoor-4-4th-gen-camera-system-review","2024-04-12T06:55:18Z","2024-04-12T06:55:18.000Z","2024-07-16T08:34:52Z","2024-07-16T08:34:52.000Z","ok"
"6-best-smart-lighting-options-in-2024","2024-04-12T06:55:18Z","2024-04-12T06:55:18.000Z","2024-07-16T08:55:35Z","2024-07-16T08:55:35.000Z","ok"
"top-7-smart-thermostats-for-efficient","2024-04-12T06:55:18Z","2024-04-12T06:55:18.000Z","2024-07-16T09:02:02Z","2024-07-16T09:02:02.000Z","ok"
"top-6-smart-plugs-and-outlets-for-home-automation","2024-04-12T06:55:18Z","2024-04-12T06:55:18.000Z","2024-07-16T09:02:36Z","2024-07-16T09:02:36.000Z","ok"
"amazon-smart-thermostat-your-ultimate-alexa-enabled-comfort-control","2024-04-12T06:55:18Z","2024-04-12T06:55:18.000Z","2024-07-16T08:38:45Z","2024-07-16T08:38:45.000Z","ok"
"6-top-rated-smart-doorbells-of-2024","2024-04-12T06:55:18Z","2024-04-12T06:55:18.000Z","2024-06-26T04:35:02Z","2024-06-26T04:35:02.000Z","ok"
"smart-fan-switches-for-home","2024-04-12T06:55:18Z","2024-04-12T06:55:18.000Z","2024-07-16T09:04:11Z","2024-07-16T09:04:11.000Z","ok"
"top-7-home-monitor-cameras","2024-04-12T06:55:18Z","2024-04-12T06:55:18.000Z","2024-07-16T09:04:52Z","2024-07-16T09:04:52.000Z","ok"
"amazon-fire-tv-stick-4k","2024-04-12T06:55:19Z","2024-04-12T06:55:19.000Z","2024-07-16T09:06:18Z","2024-07-16T09:06:18.000Z","ok"
"amazon-echo-dot-vs-echo-pop-a-comparison","2024-04-12T06:55:19Z","2024-04-12T06:55:19.000Z","2024-07-16T08:34:45Z","2024-07-16T08:34:45.000Z","ok"
"google-nest-amazon-thermostat","2024-04-12T06:55:19Z","2024-04-12T06:55:19.000Z","2024-07-16T08:42:20Z","2024-07-16T08:42:20.000Z","ok"
"ring-smart-bridge-vs-govee-tv-backlight-sync-illuminating-showdown","2024-04-12T06:55:19Z","2024-04-12T06:55:19.000Z","2024-07-16T08:35:00Z","2024-07-16T08:35:00.000Z","ok"
"blink-outdoor-vs-blink-mini-camera-system-face-off","2024-04-12T06:55:19Z","2024-04-12T06:55:19.000Z","2024-07-15T20:05:44Z","2024-07-15T20:05:44.000Z","ok"
"teeho-te001-vs-eufy-c210","2024-04-12T06:55:19Z","2024-04-12T06:55:19.000Z","2024-07-16T08:38:15Z","2024-07-16T08:38:15.000Z","ok"
"amazon-smart-plug-review","2024-04-12T06:55:19Z","2024-04-12T06:55:19.000Z","2024-07-16T08:55:23Z","2024-07-16T08:55:23.000Z","ok"
"amazon-vs-eightree-smart-plug","2024-04-12T06:55:19Z","2024-04-12T06:55:19.000Z","2024-07-16T08:39:29Z","2024-07-16T08:39:29.000Z","ok"
"smart-fingerprint-deadbolt-lock","2024-04-12T06:55:19Z","2024-04-12T06:55:19.000Z","2024-07-16T08:45:27Z","2024-07-16T08:45:27.000Z","ok"
"sehmua-2k-outdoor-wireless-security","2024-04-12T06:55:19Z","2024-04-12T06:55:19.000Z","2024-07-16T08:45:48Z","2024-07-16T08:45:48.000Z","ok"
"chamberlain-myq-g0401-smart-garage","2024-04-12T06:55:19Z","2024-04-12T06:55:19.000Z","2024-07-16T08:47:55Z","2024-07-16T08:47:55.000Z","ok"
"teeho-te001-vs-eufy-c220","2024-04-12T06:55:19Z","2024-04-12T06:55:19.000Z","2024-07-16T09:01:43Z","2024-07-16T09:01:43.000Z","ok"
"robot-rumble-lefant-m210-vs","2024-04-12T06:55:19Z","2024-04-12T06:55:19.000Z","2024-07-15T20:07:16Z","2024-07-15T20:07:16.000Z","ok"
"fingerbot-plus-vs-moes-hub","2024-04-12T06:55:19Z","2024-04-12T06:55:19.000Z","2024-07-16T08:50:46Z","2024-07-16T08:50:46.000Z","ok"
"2k-pan-tilt-camera-vs-kasa","2024-04-12T06:55:19Z","2024-04-12T06:55:19.000Z","2024-07-16T08:37:38Z","2024-07-16T08:37:38.000Z","ok"
"top-7-smart-wireless-calling-systems-emergency-situations","2024-04-13T17:46:53Z","2024-04-13T17:46:53.000Z","2024-06-26T04:35:05Z","2024-06-26T04:35:05.000Z","ok"
"top-alexa-smart-plugs-home","2024-04-13T23:48:42Z","2024-04-13T23:48:42.000Z","2024-07-16T08:51:46Z","2024-07-16T08:51:46.000Z","ok"
"aeotec-smart-home-hub-review","2024-04-14T08:12:23Z","2024-04-14T08:12:23.000Z","2024-07-16T08:44:26Z","2024-07-16T08:44:26.000Z","ok"
"motion-sensor-smart-self-sealing-trash-can-innovative-convenient","2024-04-15T07:27:19Z","2024-04-15T07:27:19.000Z","2024-07-15T20:09:03Z","2024-07-15T20:09:03.000Z","ok"
"amazon-echo-pop-vs-echo-dot","2024-04-15T14:59:10Z","2024-04-15T14:59:10.000Z","2024-07-16T08:40:45Z","2024-07-16T08:40:45.000Z","ok"
"cost-effective-home-security-solutions-no-monthly-fees","2024-04-16T00:03:02Z","2024-04-16T00:03:02.000Z","2024-07-16T08:57:09Z","2024-07-16T08:57:09.000Z","ok"
"best-homekit-device-smart-homes","2024-04-16T12:33:01Z","2024-04-16T12:33:01.000Z","2024-07-15T20:13:30Z","2024-07-15T20:13:30.000Z","ok"
"change-colors-echo-glow-smart-lamp","2024-04-16T18:35:15Z","2024-04-16T18:35:15.000Z","2024-07-16T08:37:01Z","2024-07-16T08:37:01.000Z","ok"
"check-lock-status-ultraloq-u-bolt-pro-smart-lock","2024-04-17T03:11:39Z","2024-04-17T03:11:39.000Z","2024-07-16T08:48:50Z","2024-07-16T08:48:50.000Z","ok"
"top-7-smart-water-leak-detectors-home-security","2024-04-17T09:19:16Z","2024-04-17T09:19:16.000Z","2024-07-15T20:13:38Z","2024-07-15T20:13:38.000Z","ok"
"top-smart-propane-sensors-enhance-safety","2024-04-18T07:21:42Z","2024-04-18T07:21:42.000Z","2024-06-26T04:31:27Z","2024-06-26T04:31:27.000Z","ok"
"smart-sprinkler-systems-alexa-google-assistant","2024-04-18T10:24:35Z","2024-04-18T10:24:35.000Z","2024-07-15T20:08:56Z","2024-07-15T20:08:56.000Z","ok"
"temperature-settings-explained","2024-04-18T10:24:36Z","2024-04-18T10:24:36.000Z","2024-07-16T08:35:22Z","2024-07-16T08:35:22.000Z","ok"
"smart-garage-controllers-comparison","2024-04-18T10:24:36Z","2024-04-18T10:24:36.000Z","2024-07-15T20:10:32Z","2024-07-15T20:10:32.000Z","ok"
"silence-false-alarms-alarm-sco5cn-smoke-detector","2024-04-18T10:24:36Z","2024-04-18T10:24:36.000Z","2024-07-16T08:46:58Z","2024-07-16T08:46:58.000Z","ok"
"set-up-automation-switchbot-smart-blinds","2024-04-18T10:24:36Z","2024-04-18T10:24:36.000Z","2024-07-16T08:41:20Z","2024-07-16T08:41:20.000Z","ok"
"operate-irobot-roomba-efficiently","2024-04-18T10:24:37Z","2024-04-18T10:24:37.000Z","2024-07-16T08:55:44Z","2024-07-16T08:55:44.000Z","ok"
"reset-moen-flo-factory-settings","2024-04-18T10:24:37Z","2024-04-18T10:24:37.000Z","2024-07-15T20:13:24Z","2024-07-15T20:13:24.000Z","ok"
"solar-security-camera-troubleshooting","2024-04-18T10:24:37Z","2024-04-18T10:24:37.000Z","2024-07-15T20:10:40Z","2024-07-15T20:10:40.000Z","ok"
"change-batteries-august-smart-lock-pro","2024-04-18T10:24:39Z","2024-04-18T10:24:39.000Z","2024-07-16T08:39:54Z","2024-07-16T08:39:54.000Z","ok"
"eve-room-air-quality-sensor-review","2024-04-18T10:24:39Z","2024-04-18T10:24:39.000Z","2024-07-16T08:40:18Z","2024-07-16T08:40:18.000Z","ok"
"omron-sc-150-bluetooth-digital","2024-04-18T10:24:39Z","2024-04-18T10:24:39.000Z","2024-07-16T08:46:16Z","2024-07-16T08:46:16.000Z","ok"
"best-way-manage-smart-trash","2024-04-18T10:24:40Z","2024-04-18T10:24:40.000Z","2024-07-16T09:05:15Z","2024-07-16T09:05:15.000Z","ok"
"adjust-sensitivity-ring-video-doorbell-pro","2024-04-18T10:24:40Z","2024-04-18T10:24:40.000Z","2024-07-15T20:05:04Z","2024-07-15T20:05:04.000Z","ok"
"troubleshoot-philips-hue-connectivity-issues","2024-04-18T10:24:40Z","2024-04-18T10:24:40.000Z","2024-07-15T20:05:18Z","2024-07-15T20:05:18.000Z","ok"
"yolink-smart-home-kit-water-leak-sensors-review","2024-04-18T10:24:41Z","2024-04-18T10:24:41.000Z","2024-07-16T09:00:32Z","2024-07-16T09:00:32.000Z","ok"
"review-eufy-baby-smart-sock-monitor","2024-04-18T10:24:41Z","2024-04-18T10:24:41.000Z","2024-07-16T08:43:43Z","2024-07-16T08:43:43.000Z","ok"
"best-automated-smart-curtain","2024-04-18T10:24:41Z","2024-04-18T10:24:41.000Z","2024-07-16T09:02:09Z","2024-07-16T09:02:09.000Z","ok"
"top-7-security-camera-products-protection","2024-04-18T10:24:42Z","2024-04-18T10:24:42.000Z","2024-07-16T09:04:04Z","2024-07-16T09:04:04.000Z","ok"
"top-7-innovative-smart-lock-fingerprint-products-see","2024-04-18T10:24:42Z","2024-04-18T10:24:42.000Z","2024-07-16T08:54:38Z","2024-07-16T08:54:38.000Z","ok"
"future-smart-home-automation","2024-04-18T10:24:43Z","2024-04-18T10:24:43.000Z","2024-07-16T09:01:29Z","2024-07-16T09:01:29.000Z","ok"
"access-live-view-hugolog-3k-camera","2024-04-18T10:24:43Z","2024-04-18T10:24:43.000Z","2024-07-16T08:56:48Z","2024-07-16T08:56:48.000Z","ok"
"top-7-security-camera-innovations-need","2024-04-18T10:24:43Z","2024-04-18T10:24:43.000Z","2024-07-16T08:35:30Z","2024-07-16T08:35:30.000Z","ok"
"amorho-vs-lumina-led-mirror","2024-04-18T10:24:44Z","2024-04-18T10:24:44.000Z","2024-07-16T09:01:05Z","2024-07-16T09:01:05.000Z","ok"
"smart-water-leak-detectors","2024-04-18T10:24:44Z","2024-04-18T10:24:44.000Z","2024-07-16T08:51:01Z","2024-07-16T08:51:01.000Z","ok"
"budget-friendly-irobot-vacuums","2024-04-18T10:24:44Z","2024-04-18T10:24:44.000Z","2024-07-16T08:37:57Z","2024-07-16T08:37:57.000Z","ok"
"ge-cync-a19-smart-bulbs-review","2024-04-18T10:24:45Z","2024-04-18T10:24:45.000Z","2024-07-16T08:35:14Z","2024-07-16T08:35:14.000Z","ok"
"philips-hue-smart-light-switch","2024-04-18T10:24:45Z","2024-04-18T10:24:45.000Z","2024-07-16T09:09:48Z","2024-07-16T09:09:48.000Z","ok"
"yogasleep-hushh-sound-machine-rev","2024-04-18T10:24:45Z","2024-04-18T10:24:45.000Z","2024-07-16T08:59:56Z","2024-07-16T08:59:56.000Z","ok"
"alexa-cat-feeder-vs-smart","2024-04-18T10:24:45Z","2024-04-18T10:24:45.000Z","2024-07-16T09:08:58Z","2024-07-16T09:08:58.000Z","ok"
"6-top-smart-home-hubs-2024","2024-04-18T10:24:46Z","2024-04-18T10:24:46.000Z","2024-07-16T08:54:31Z","2024-07-16T08:54:31.000Z","ok"
"top-7-home-security-systems-2024","2024-04-18T10:24:46Z","2024-04-18T10:24:46.000Z","2024-07-16T09:08:58Z","2024-07-16T09:08:58.000Z","ok"
"set-up-smart-light-bulbs-mobile-app","2024-04-18T10:24:47Z","2024-04-18T10:24:47.000Z","2024-07-16T09:00:53Z","2024-07-16T09:00:53.000Z","ok"
"greater-goods-smart-baby-scale","2024-04-18T10:24:48Z","2024-04-18T10:24:48.000Z","2024-07-16T08:59:50Z","2024-07-16T08:59:50.000Z","ok"
"best-remote-monitoring","2024-04-18T10:24:48Z","2024-04-18T10:24:48.000Z","2024-07-16T09:03:44Z","2024-07-16T09:03:44.000Z","ok"
"aeotec-vs-elevation-c-8","2024-04-18T10:24:49Z","2024-04-18T10:24:49.000Z","2024-07-16T08:59:59Z","2024-07-16T08:59:59.000Z","ok"
"echo-hub-control-vs-echo-gen4","2024-04-18T10:24:49Z","2024-04-18T10:24:49.000Z","2024-07-16T08:54:36Z","2024-07-16T08:54:36.000Z","ok"
"rachio-3-smart-irrigation-system","2024-04-18T10:24:49Z","2024-04-18T10:24:49.000Z","2024-07-15T20:01:13Z","2024-07-15T20:01:13.000Z","ok"
"smart-voice-recorder","2024-04-18T10:24:49Z","2024-04-18T10:24:49.000Z","2024-07-15T20:03:51Z","2024-07-15T20:03:51.000Z","ok"
"ecobee-smart-thermostat-sensor-siri","2024-04-18T10:24:50Z","2024-04-18T10:24:50.000Z","2024-07-15T20:01:10Z","2024-07-15T20:01:10.000Z","ok"
"echo-show-8-vs-echo-show-5-charcoal-2024","2024-04-18T10:24:50Z","2024-04-18T10:24:50.000Z","2024-07-15T20:04:00Z","2024-07-15T20:04:00.000Z","ok"
"top-rated-smart-robot-vacuums-effortless-cleaning","2024-04-18T10:24:51Z","2024-04-18T10:24:51.000Z","2024-07-15T20:04:12Z","2024-07-15T20:04:12.000Z","ok"
"outdoor-security-cameras","2024-04-18T10:24:54Z","2024-04-18T10:24:54.000Z","2024-07-15T20:01:04Z","2024-07-15T20:01:04.000Z","ok"
"smart-blinds-integration","2024-04-18T10:24:54Z","2024-04-18T10:24:54.000Z","2024-07-15T20:01:13Z","2024-07-15T20:01:13.000Z","ok"
"program-schedule-ecobee-thermostat","2024-04-18T10:24:54Z","2024-04-18T10:24:54.000Z","2024-07-15T20:03:09Z","2024-07-15T20:03:09.000Z","ok"
"kasa-smart-led-strip-vs-led","2024-04-18T10:24:55Z","2024-04-18T10:24:55.000Z","2024-06-26T05:37:41Z","2024-06-26T05:37:41.000Z","ok"
"best-brands-security-sensors","2024-04-18T10:24:55Z","2024-04-18T10:24:55.000Z","2024-07-15T20:01:00Z","2024-07-15T20:01:00.000Z","ok"
"ring-alarm-2nd-gen-vs-hiistar","2024-04-18T10:24:56Z","2024-04-18T10:24:56.000Z","2024-07-16T09:01:12Z","2024-07-16T09:01:12.000Z","ok"
"govee-led-vs-rgbic-bars","2024-04-18T10:24:56Z","2024-04-18T10:24:56.000Z","2024-07-16T08:58:43Z","2024-07-16T08:58:43.000Z","ok"
"ultraloq-u-bolt-pro-wifi-smart-lock","2024-03-16T03:06:16Z","2024-03-16T03:06:16.000Z","2024-07-15T20:07:02Z","2024-07-15T20:07:02.000Z","ok"
"fully-automated-smart-home-routine-wake-up-to-bedtime","2026-07-29T18:20:07.505Z","2026-07-29T18:20:07.505Z","2026-07-29T18:20:07.505Z","2026-07-29T18:20:07.505Z","ok"
"layered-smart-home-security-system-sensors-cameras-automated-alerts","2026-07-29T18:28:31.051Z","2026-07-29T18:28:31.051Z","2026-07-29T18:28:31.051Z","2026-07-29T18:28:31.051Z","ok"
"build-fully-automated-home-routine-single-smart-hub","2026-07-29T18:30:43.824Z","2026-07-29T18:30:43.824Z","2026-07-29T18:30:43.824Z","2026-07-29T18:30:43.824Z","ok"
"build-fully-integrated-smart-home-automation-system-from-scratch","2026-07-29T18:37:22.912Z","2026-07-29T18:37:22.912Z","2026-07-29T18:37:22.912Z","2026-07-29T18:37:22.912Z","ok"
"voice-assistant-vs-app-control-choosing-right-hub-home-automation","2026-07-29T18:38:25.966Z","2026-07-29T18:38:25.966Z","2026-07-29T18:38:25.966Z","2026-07-29T18:38:25.966Z","ok"
"build-layered-smart-home-security-cameras-sensors-automation","2026-07-29T18:40:04.517Z","2026-07-29T18:40:04.517Z","2026-07-29T18:40:04.517Z","2026-07-29T18:40:04.517Z","ok"
"integrating-smart-locks-doorbells-motion-detectors-automated-security-routine","2026-07-29T18:42:07.914Z","2026-07-29T18:42:07.914Z","2026-07-29T18:42:07.914Z","2026-07-29T18:42:07.914Z","ok"
"local-vs-cloud-based-smart-security-homeowners-guide","2026-07-29T18:47:04.524Z","2026-07-29T18:47:04.524Z","2026-07-29T18:47:04.524Z","2026-07-29T18:47:04.524Z","ok"
"how-to-choose-the-right-smart-hub-for-your-home-automation-setup","2026-07-29T23:50:17.756Z","2026-07-29T23:50:17.756Z","2026-07-29T23:50:17.756Z","2026-07-29T23:50:17.756Z","ok"
"zigbee-z-wave-wi-fi-smart-devices-explained","2026-07-29T23:51:16.124Z","2026-07-29T23:51:16.124Z","2026-07-29T23:51:16.124Z","2026-07-29T23:51:16.124Z","ok"
"smart-home-devices-that-work-together-without-a-bridge","2026-07-29T23:52:14.256Z","2026-07-29T23:52:14.256Z","2026-07-29T23:52:14.256Z","2026-07-29T23:52:14.256Z","ok"
"room-by-room-guide-to-building-a-fully-automated-smart-home","2026-07-29T23:53:16.796Z","2026-07-29T23:53:16.796Z","2026-07-29T23:53:16.796Z","2026-07-29T23:53:16.796Z","ok"
