"slug","legacyWpId","currentPublishedAt","currentUpdatedAt","restoredPublishedAt","restoredModifiedAt","source","status"
"how-do-smart-speakers-use-artificial-intelligence","23978","2024-03-18T14:15:06.000Z","2026-05-12T05:37:14.354Z","2024-03-18T14:15:06Z","2024-07-15T20:10:47Z","wp REST post 23978","ok"
"smart-plugs-vs-traditional-outlets","24008","2024-03-21T08:17:55.000Z","2026-05-12T05:37:14.354Z","2024-03-21T08:17:55Z","2024-07-15T20:10:44Z","wp REST post 24008","ok"
"how-to-choose-the-right-smart-plugs-for-my-home","24012","2024-03-21T08:17:55.000Z","2026-05-12T05:37:14.354Z","2024-03-21T08:17:55Z","2024-06-26T03:25:53Z","wp REST post 24012","ok"
"top-7-smart-locks-to-enhance-your-home-security","24018","2024-03-21T08:17:55.000Z","2026-05-12T05:37:14.354Z","2024-03-21T08:17:55Z","2024-06-26T03:26:06Z","wp REST post 24018","ok"
"z-wave-technology-smart-home-hubs","29885","2024-04-06T21:24:22.000Z","2026-05-12T05:37:14.354Z","2024-04-06T21:24:22Z","2024-07-15T20:13:18Z","wp REST post 29885","ok"
"top-7-smart-speakers-products-for-enhanced-living","23953","2024-04-12T06:55:18.000Z","2026-05-12T05:37:14.354Z","2024-04-12T06:55:18Z","2024-06-26T03:17:03Z","wp REST post 23953","ok"
"transform-your-space-with-tp-link-tapo-l530e-smart-light-bulbs","23998","2024-04-12T06:55:18.000Z","2026-05-12T05:37:14.354Z","2024-04-12T06:55:18Z","2024-07-15T20:13:41Z","wp REST post 23998","ok"
"smart-light-bulbs-wifi-connected-smart-home-system","30244","2024-04-18T10:24:35.000Z","2026-05-12T05:37:14.354Z","2024-04-18T10:24:35Z","2024-07-15T20:10:39Z","wp REST post 30244","ok"
"review-govee-smart-light-bulbs-4-pack","30184","2024-04-18T10:24:38.000Z","2026-05-12T05:37:14.354Z","2024-04-18T10:24:38Z","2024-07-15T20:14:18Z","wp REST post 30184","ok"
"smart-water-heaters-troubleshooting-common-issues","30185","2024-04-18T10:24:38.000Z","2026-05-12T05:37:14.354Z","2024-04-18T10:24:38Z","2024-07-15T20:08:22Z","wp REST post 30185","ok"
"sunrise-vs-traditional-alarm-clocks","30186","2024-04-18T10:24:38.000Z","2026-05-12T05:37:14.354Z","2024-04-18T10:24:38Z","2024-07-15T20:12:06Z","wp REST post 30186","ok"
"amazon-smart-air-quality-monitor-review","30176","2024-04-18T10:24:41.000Z","2026-05-12T05:37:14.354Z","2024-04-18T10:24:41Z","2024-07-15T20:08:16Z","wp REST post 30176","ok"
"set-up-homekit-compatible-devices","30170","2024-04-18T10:24:43.000Z","2026-05-12T05:37:14.354Z","2024-04-18T10:24:43Z","2024-07-15T20:13:26Z","wp REST post 30170","ok"
"kasa-smart-2k-indoor-security-camera-review","30163","2024-04-18T10:24:45.000Z","2026-05-12T05:37:14.354Z","2024-04-18T10:24:45Z","2024-07-15T20:10:36Z","wp REST post 30163","ok"
"share-access-arlo-pro-3-camera","30155","2024-04-18T10:24:47.000Z","2026-05-12T05:37:14.354Z","2024-04-18T10:24:47Z","2024-06-26T03:23:54Z","wp REST post 30155","ok"
"configure-smart-security-sensors","30157","2024-04-18T10:24:47.000Z","2026-05-12T05:37:14.354Z","2024-04-18T10:24:47Z","2024-06-26T03:26:14Z","wp REST post 30157","ok"
"best-way-use-smart-alexa","30153","2024-04-18T10:24:48.000Z","2026-05-12T05:37:14.354Z","2024-04-18T10:24:48Z","2024-07-16T09:03:26Z","wp REST post 30153","ok"
"top-6-wireless-security-cameras-2024","30088","2024-04-18T10:24:52.000Z","2026-05-12T05:37:14.354Z","2024-04-18T10:24:52Z","2024-06-26T03:26:22Z","wp REST post 30088","ok"
"top-7-smart-thermostat-apps-for-phone","30099","2024-04-18T10:24:52.000Z","2026-05-12T05:37:14.354Z","2024-04-18T10:24:52Z","2024-06-26T03:23:39Z","wp REST post 30099","ok"
"configure-smart-garage-door","29981","2024-04-18T10:24:53.000Z","2026-05-12T05:37:14.354Z","2024-04-18T10:24:53Z","2024-06-26T05:43:12Z","wp REST post 29981","ok"
"smartpet-wifi-vs-5g-feeder","29926","2024-04-18T10:24:56.000Z","2026-05-12T05:37:14.354Z","2024-04-18T10:24:56Z","2024-06-26T03:26:12Z","wp REST post 29926","ok"
"smart-ac-controller","29920","2024-04-18T10:24:57.000Z","2026-05-12T05:37:14.354Z","2024-04-18T10:24:57Z","2024-07-15T20:00:12Z","wp REST post 29920","ok"
"switchbot-motorized-blinds-kit","29921","2024-04-18T10:24:57.000Z","2026-05-12T05:37:14.354Z","2024-04-18T10:24:57Z","2024-07-15T20:03:11Z","wp REST post 29921","ok"
"levoit-core200s-air-purifier-wifi","29924","2024-04-18T10:24:57.000Z","2026-05-12T05:37:14.354Z","2024-04-18T10:24:57Z","2024-07-15T20:00:14Z","wp REST post 29924","ok"
"top-7-smart-blinds-upgrade-home","29919","2024-04-18T10:24:58.000Z","2026-05-12T05:37:14.354Z","2024-04-18T10:24:58Z","2024-07-15T20:00:53Z","wp REST post 29919","ok"
"what-is-a-smart-home-complete-guide-to-smart-home-technology-2025","40560","2025-06-05T23:29:37.000Z","2026-05-12T05:10:28.299Z","2025-06-05T23:29:37Z","2025-06-05T23:29:37Z","wp REST post 40560","ok"
"maintain-clean-smart-robot","30232","2026-07-29T03:34:34.420Z","2026-07-29T03:34:34.402Z","2024-04-18T10:24:35Z","2024-07-16T08:35:07Z","wp REST post 30232","ok"
"smartthings-station-vs-sengled","23965","2026-07-29T03:42:13.958Z","2026-07-29T03:42:13.931Z","2024-03-16T21:46:47Z","2024-07-16T08:41:48Z","wp REST post 23965","ok"
"understanding-the-different-types-of-security-camera-mounts","23980","2026-07-29T03:42:36.996Z","2026-07-29T03:42:36.980Z","2024-03-18T18:29:30Z","2024-07-16T08:59:24Z","wp REST post 23980","ok"
"benefits-of-smart-lighting","23982","2026-07-29T03:43:40.819Z","2026-07-29T03:43:40.786Z","2024-03-19T01:18:47Z","2024-07-16T08:51:14Z","wp REST post 23982","ok"
"how-to-set-up-a-smart-speaker","23984","2026-07-29T03:43:47.113Z","2026-07-29T03:43:47.098Z","2024-03-19T04:33:28Z","2024-07-16T08:59:53Z","wp REST post 23984","ok"
"how-to-maintain-and-care-for-your-security-cameras","23986","2026-07-29T03:44:04.855Z","2026-07-29T03:44:04.843Z","2024-03-19T09:32:16Z","2024-07-16T09:02:03Z","wp REST post 23986","ok"
"smart-lighting-how-to-set-up","23988","2026-07-29T03:46:14.447Z","2026-07-29T03:46:14.417Z","2024-03-19T17:46:03Z","2024-07-16T08:44:52Z","wp REST post 23988","ok"
"honeywell-step-by-step-guide","23990","2026-07-29T03:47:03.601Z","2026-07-29T03:47:03.588Z","2024-03-20T00:17:16Z","2024-07-15T20:13:15Z","wp REST post 23990","ok"
"troubleshooting-common-issues-with-smart-doorbells","24022","2026-07-29T03:47:04.611Z","2026-07-29T03:47:04.596Z","2024-03-21T08:17:54Z","2024-07-15T20:10:51Z","wp REST post 24022","ok"
"how-to-troubleshoot-common-thermostat-issues","24006","2026-07-29T03:47:05.624Z","2026-07-29T03:47:05.613Z","2024-03-21T08:17:55Z","2024-07-15T20:05:42Z","wp REST post 24006","ok"
"do-smart-locks-need-internet","24010","2026-07-29T03:47:06.600Z","2026-07-29T03:47:06.587Z","2024-03-21T08:17:55Z","2024-07-16T08:56:03Z","wp REST post 24010","ok"
"how-to-perform-regular-maintenance-on-your-smart-lock","24014","2026-07-29T03:47:08.337Z","2026-07-29T03:47:08.326Z","2024-03-21T08:17:55Z","2024-07-15T20:06:13Z","wp REST post 24014","ok"
"how-to-customize-settings-on-your-smart-doorbell","24016","2026-07-29T03:47:09.388Z","2026-07-29T03:47:09.374Z","2024-03-21T08:17:55Z","2024-07-15T20:14:19Z","wp REST post 24016","ok"
"voice-activated-assistants-healthcare","29880","2026-07-29T03:47:10.455Z","2026-07-29T03:47:10.442Z","2024-04-06T21:24:22Z","2024-07-16T08:59:54Z","wp REST post 29880","ok"
"set-up-wifi-smart-light-bulbs","29897","2026-07-29T03:47:11.511Z","2026-07-29T03:47:11.501Z","2024-04-06T21:24:22Z","2024-07-16T09:01:36Z","wp REST post 29897","ok"
"top-6-security-cameras-for-home-protection","23955","2026-07-29T03:47:12.639Z","2026-07-29T03:47:12.624Z","2024-04-12T06:55:18Z","2024-07-15T20:13:34Z","wp REST post 23955","ok"
"echo-dot-5th-gen-2024-vibrant-sound","23957","2026-07-29T03:47:13.612Z","2026-07-29T03:47:13.602Z","2024-04-12T06:55:18Z","2024-07-16T08:56:17Z","wp REST post 23957","ok"
"blink-outdoor-4-4th-gen-camera-system-review","23961","2026-07-29T03:47:14.603Z","2026-07-29T03:47:14.593Z","2024-04-12T06:55:18Z","2024-07-16T08:34:52Z","wp REST post 23961","ok"
"6-best-smart-lighting-options-in-2024","23992","2026-07-29T03:47:15.655Z","2026-07-29T03:47:15.640Z","2024-04-12T06:55:18Z","2024-07-16T08:55:35Z","wp REST post 23992","ok"
"top-7-smart-thermostats-for-efficient","23994","2026-07-29T03:47:16.768Z","2026-07-29T03:47:16.754Z","2024-04-12T06:55:18Z","2024-07-16T09:02:02Z","wp REST post 23994","ok"
"top-6-smart-plugs-and-outlets-for-home-automation","23996","2026-07-29T03:47:17.839Z","2026-07-29T03:47:17.825Z","2024-04-12T06:55:18Z","2024-07-16T09:02:36Z","wp REST post 23996","ok"
"amazon-smart-thermostat-your-ultimate-alexa-enabled-comfort-control","24000","2026-07-29T03:47:18.864Z","2026-07-29T03:47:18.852Z","2024-04-12T06:55:18Z","2024-07-16T08:38:45Z","wp REST post 24000","ok"
"6-top-rated-smart-doorbells-of-2024","24020","2026-07-29T03:47:19.943Z","2026-07-29T03:47:19.929Z","2024-04-12T06:55:18Z","2024-06-26T04:35:02Z","wp REST post 24020","ok"
"smart-fan-switches-for-home","29863","2026-07-29T03:47:21.006Z","2026-07-29T03:47:20.989Z","2024-04-12T06:55:18Z","2024-07-16T09:04:11Z","wp REST post 29863","ok"
"top-7-home-monitor-cameras","29864","2026-07-29T03:47:22.088Z","2026-07-29T03:47:22.070Z","2024-04-12T06:55:18Z","2024-07-16T09:04:52Z","wp REST post 29864","ok"
"amazon-fire-tv-stick-4k","23963","2026-07-29T03:47:23.157Z","2026-07-29T03:47:23.147Z","2024-04-12T06:55:19Z","2024-07-16T09:06:18Z","wp REST post 23963","ok"
"amazon-echo-dot-vs-echo-pop-a-comparison","23967","2026-07-29T03:47:24.264Z","2026-07-29T03:47:24.252Z","2024-04-12T06:55:19Z","2024-07-16T08:34:45Z","wp REST post 23967","ok"
"google-nest-amazon-thermostat","23969","2026-07-29T03:47:25.330Z","2026-07-29T03:47:25.319Z","2024-04-12T06:55:19Z","2024-07-16T08:42:20Z","wp REST post 23969","ok"
"ring-smart-bridge-vs-govee-tv-backlight-sync-illuminating-showdown","23971","2026-07-29T03:47:26.395Z","2026-07-29T03:47:26.382Z","2024-04-12T06:55:19Z","2024-07-16T08:35:00Z","wp REST post 23971","ok"
"blink-outdoor-vs-blink-mini-camera-system-face-off","23973","2026-07-29T03:47:27.470Z","2026-07-29T03:47:27.460Z","2024-04-12T06:55:19Z","2024-07-15T20:05:44Z","wp REST post 23973","ok"
"teeho-te001-vs-eufy-c210","23975","2026-07-29T03:47:28.522Z","2026-07-29T03:47:28.510Z","2024-04-12T06:55:19Z","2024-07-16T08:38:15Z","wp REST post 23975","ok"
"amazon-smart-plug-review","24002","2026-07-29T03:47:29.486Z","2026-07-29T03:47:29.476Z","2024-04-12T06:55:19Z","2024-07-16T08:55:23Z","wp REST post 24002","ok"
"amazon-vs-eightree-smart-plug","24004","2026-07-29T03:47:30.545Z","2026-07-29T03:47:30.534Z","2024-04-12T06:55:19Z","2024-07-16T08:39:29Z","wp REST post 24004","ok"
"smart-fingerprint-deadbolt-lock","29865","2026-07-29T03:47:31.599Z","2026-07-29T03:47:31.590Z","2024-04-12T06:55:19Z","2024-07-16T08:45:27Z","wp REST post 29865","ok"
"sehmua-2k-outdoor-wireless-security","29871","2026-07-29T03:47:32.600Z","2026-07-29T03:47:32.588Z","2024-04-12T06:55:19Z","2024-07-16T08:45:48Z","wp REST post 29871","ok"
"chamberlain-myq-g0401-smart-garage","29872","2026-07-29T03:47:33.594Z","2026-07-29T03:47:33.581Z","2024-04-12T06:55:19Z","2024-07-16T08:47:55Z","wp REST post 29872","ok"
"teeho-te001-vs-eufy-c220","29873","2026-07-29T03:47:34.603Z","2026-07-29T03:47:34.591Z","2024-04-12T06:55:19Z","2024-07-16T09:01:43Z","wp REST post 29873","ok"
"robot-rumble-lefant-m210-vs","29877","2026-07-29T03:47:35.602Z","2026-07-29T03:47:35.589Z","2024-04-12T06:55:19Z","2024-07-15T20:07:16Z","wp REST post 29877","ok"
"fingerbot-plus-vs-moes-hub","29878","2026-07-29T03:47:36.640Z","2026-07-29T03:47:36.628Z","2024-04-12T06:55:19Z","2024-07-16T08:50:46Z","wp REST post 29878","ok"
"2k-pan-tilt-camera-vs-kasa","29879","2026-07-29T03:47:37.636Z","2026-07-29T03:47:37.625Z","2024-04-12T06:55:19Z","2024-07-16T08:37:38Z","wp REST post 29879","ok"
"top-7-smart-wireless-calling-systems-emergency-situations","29905","2026-07-29T03:47:38.653Z","2026-07-29T03:47:38.640Z","2024-04-13T17:46:53Z","2024-06-26T04:35:05Z","wp REST post 29905","ok"
"top-alexa-smart-plugs-home","29907","2026-07-29T03:47:39.729Z","2026-07-29T03:47:39.715Z","2024-04-13T23:48:42Z","2024-07-16T08:51:46Z","wp REST post 29907","ok"
"aeotec-smart-home-hub-review","29910","2026-07-29T03:47:40.774Z","2026-07-29T03:47:40.764Z","2024-04-14T08:12:23Z","2024-07-16T08:44:26Z","wp REST post 29910","ok"
"motion-sensor-smart-self-sealing-trash-can-innovative-convenient","29911","2026-07-29T03:47:41.871Z","2026-07-29T03:47:41.860Z","2024-04-15T07:27:19Z","2024-07-15T20:09:03Z","wp REST post 29911","ok"
"amazon-echo-pop-vs-echo-dot","29912","2026-07-29T03:47:42.890Z","2026-07-29T03:47:42.880Z","2024-04-15T14:59:10Z","2024-07-16T08:40:45Z","wp REST post 29912","ok"
"cost-effective-home-security-solutions-no-monthly-fees","29913","2026-07-29T03:47:43.954Z","2026-07-29T03:47:43.944Z","2024-04-16T00:03:02Z","2024-07-16T08:57:09Z","wp REST post 29913","ok"
"best-homekit-device-smart-homes","29914","2026-07-29T03:47:44.976Z","2026-07-29T03:47:44.966Z","2024-04-16T12:33:01Z","2024-07-15T20:13:30Z","wp REST post 29914","ok"
"change-colors-echo-glow-smart-lamp","29915","2026-07-29T03:47:45.948Z","2026-07-29T03:47:45.937Z","2024-04-16T18:35:15Z","2024-07-16T08:37:01Z","wp REST post 29915","ok"
"check-lock-status-ultraloq-u-bolt-pro-smart-lock","29916","2026-07-29T03:47:46.960Z","2026-07-29T03:47:46.950Z","2024-04-17T03:11:39Z","2024-07-16T08:48:50Z","wp REST post 29916","ok"
"top-7-smart-water-leak-detectors-home-security","29917","2026-07-29T03:47:48.075Z","2026-07-29T03:47:48.057Z","2024-04-17T09:19:16Z","2024-07-15T20:13:38Z","wp REST post 29917","ok"
"top-smart-propane-sensors-enhance-safety","29918","2026-07-29T03:47:49.254Z","2026-07-29T03:47:49.237Z","2024-04-18T07:21:42Z","2024-06-26T04:31:27Z","wp REST post 29918","ok"
"smart-sprinkler-systems-alexa-google-assistant","30233","2026-07-29T03:47:50.293Z","2026-07-29T03:47:50.284Z","2024-04-18T10:24:35Z","2024-07-15T20:08:56Z","wp REST post 30233","ok"
"temperature-settings-explained","30199","2026-07-29T03:47:51.375Z","2026-07-29T03:47:51.365Z","2024-04-18T10:24:36Z","2024-07-16T08:35:22Z","wp REST post 30199","ok"
"smart-garage-controllers-comparison","30200","2026-07-29T03:47:52.401Z","2026-07-29T03:47:52.390Z","2024-04-18T10:24:36Z","2024-07-15T20:10:32Z","wp REST post 30200","ok"
"silence-false-alarms-alarm-sco5cn-smoke-detector","30207","2026-07-29T03:47:53.424Z","2026-07-29T03:47:53.414Z","2024-04-18T10:24:36Z","2024-07-16T08:46:58Z","wp REST post 30207","ok"
"set-up-automation-switchbot-smart-blinds","30217","2026-07-29T03:47:54.488Z","2026-07-29T03:47:54.476Z","2024-04-18T10:24:36Z","2024-07-16T08:41:20Z","wp REST post 30217","ok"
"operate-irobot-roomba-efficiently","30187","2026-07-29T03:47:55.483Z","2026-07-29T03:47:55.474Z","2024-04-18T10:24:37Z","2024-07-16T08:55:44Z","wp REST post 30187","ok"
"reset-moen-flo-factory-settings","30189","2026-07-29T03:47:56.474Z","2026-07-29T03:47:56.465Z","2024-04-18T10:24:37Z","2024-07-15T20:13:24Z","wp REST post 30189","ok"
"solar-security-camera-troubleshooting","30198","2026-07-29T03:47:57.554Z","2026-07-29T03:47:57.543Z","2024-04-18T10:24:37Z","2024-07-15T20:10:40Z","wp REST post 30198","ok"
"change-batteries-august-smart-lock-pro","30181","2026-07-29T03:47:58.529Z","2026-07-29T03:47:58.518Z","2024-04-18T10:24:39Z","2024-07-16T08:39:54Z","wp REST post 30181","ok"
"eve-room-air-quality-sensor-review","30182","2026-07-29T03:47:59.557Z","2026-07-29T03:47:59.546Z","2024-04-18T10:24:39Z","2024-07-16T08:40:18Z","wp REST post 30182","ok"
"omron-sc-150-bluetooth-digital","30183","2026-07-29T03:48:00.563Z","2026-07-29T03:48:00.551Z","2024-04-18T10:24:39Z","2024-07-16T08:46:16Z","wp REST post 30183","ok"
"best-way-manage-smart-trash","30178","2026-07-29T03:48:01.542Z","2026-07-29T03:48:01.530Z","2024-04-18T10:24:40Z","2024-07-16T09:05:15Z","wp REST post 30178","ok"
"adjust-sensitivity-ring-video-doorbell-pro","30179","2026-07-29T03:48:02.555Z","2026-07-29T03:48:02.543Z","2024-04-18T10:24:40Z","2024-07-15T20:05:04Z","wp REST post 30179","ok"
"troubleshoot-philips-hue-connectivity-issues","30180","2026-07-29T03:48:03.551Z","2026-07-29T03:48:03.540Z","2024-04-18T10:24:40Z","2024-07-15T20:05:18Z","wp REST post 30180","ok"
"yolink-smart-home-kit-water-leak-sensors-review","30174","2026-07-29T03:48:04.584Z","2026-07-29T03:48:04.572Z","2024-04-18T10:24:41Z","2024-07-16T09:00:32Z","wp REST post 30174","ok"
"review-eufy-baby-smart-sock-monitor","30175","2026-07-29T03:48:05.592Z","2026-07-29T03:48:05.581Z","2024-04-18T10:24:41Z","2024-07-16T08:43:43Z","wp REST post 30175","ok"
"best-automated-smart-curtain","30177","2026-07-29T03:48:06.588Z","2026-07-29T03:48:06.577Z","2024-04-18T10:24:41Z","2024-07-16T09:02:09Z","wp REST post 30177","ok"
"top-7-security-camera-products-protection","30172","2026-07-29T03:48:07.657Z","2026-07-29T03:48:07.632Z","2024-04-18T10:24:42Z","2024-07-16T09:04:04Z","wp REST post 30172","ok"
"top-7-innovative-smart-lock-fingerprint-products-see","30173","2026-07-29T03:48:08.713Z","2026-07-29T03:48:08.696Z","2024-04-18T10:24:42Z","2024-07-16T08:54:38Z","wp REST post 30173","ok"
"future-smart-home-automation","30168","2026-07-29T03:48:09.754Z","2026-07-29T03:48:09.742Z","2024-04-18T10:24:43Z","2024-07-16T09:01:29Z","wp REST post 30168","ok"
"access-live-view-hugolog-3k-camera","30169","2026-07-29T03:48:10.792Z","2026-07-29T03:48:10.779Z","2024-04-18T10:24:43Z","2024-07-16T08:56:48Z","wp REST post 30169","ok"
"top-7-security-camera-innovations-need","30171","2026-07-29T03:48:11.884Z","2026-07-29T03:48:11.871Z","2024-04-18T10:24:43Z","2024-07-16T08:35:30Z","wp REST post 30171","ok"
"amorho-vs-lumina-led-mirror","30165","2026-07-29T03:48:12.960Z","2026-07-29T03:48:12.947Z","2024-04-18T10:24:44Z","2024-07-16T09:01:05Z","wp REST post 30165","ok"
"smart-water-leak-detectors","30166","2026-07-29T03:48:13.954Z","2026-07-29T03:48:13.942Z","2024-04-18T10:24:44Z","2024-07-16T08:51:01Z","wp REST post 30166","ok"
"budget-friendly-irobot-vacuums","30167","2026-07-29T03:48:14.932Z","2026-07-29T03:48:14.922Z","2024-04-18T10:24:44Z","2024-07-16T08:37:57Z","wp REST post 30167","ok"
"ge-cync-a19-smart-bulbs-review","30160","2026-07-29T03:48:15.987Z","2026-07-29T03:48:15.976Z","2024-04-18T10:24:45Z","2024-07-16T08:35:14Z","wp REST post 30160","ok"
"philips-hue-smart-light-switch","30161","2026-07-29T03:48:16.963Z","2026-07-29T03:48:16.953Z","2024-04-18T10:24:45Z","2024-07-16T09:09:48Z","wp REST post 30161","ok"
"yogasleep-hushh-sound-machine-rev","30162","2026-07-29T03:48:17.919Z","2026-07-29T03:48:17.907Z","2024-04-18T10:24:45Z","2024-07-16T08:59:56Z","wp REST post 30162","ok"
"alexa-cat-feeder-vs-smart","30164","2026-07-29T03:48:18.984Z","2026-07-29T03:48:18.969Z","2024-04-18T10:24:45Z","2024-07-16T09:08:58Z","wp REST post 30164","ok"
"6-top-smart-home-hubs-2024","30158","2026-07-29T03:48:19.999Z","2026-07-29T03:48:19.987Z","2024-04-18T10:24:46Z","2024-07-16T08:54:31Z","wp REST post 30158","ok"
"top-7-home-security-systems-2024","30159","2026-07-29T03:48:21.095Z","2026-07-29T03:48:21.076Z","2024-04-18T10:24:46Z","2024-07-16T09:08:58Z","wp REST post 30159","ok"
"set-up-smart-light-bulbs-mobile-app","30156","2026-07-29T03:48:22.103Z","2026-07-29T03:48:22.088Z","2024-04-18T10:24:47Z","2024-07-16T09:00:53Z","wp REST post 30156","ok"
"greater-goods-smart-baby-scale","30152","2026-07-29T03:48:23.160Z","2026-07-29T03:48:23.139Z","2024-04-18T10:24:48Z","2024-07-16T08:59:50Z","wp REST post 30152","ok"
"best-remote-monitoring","30154","2026-07-29T03:48:24.256Z","2026-07-29T03:48:24.243Z","2024-04-18T10:24:48Z","2024-07-16T09:03:44Z","wp REST post 30154","ok"
"aeotec-vs-elevation-c-8","30145","2026-07-29T03:48:25.297Z","2026-07-29T03:48:25.285Z","2024-04-18T10:24:49Z","2024-07-16T08:59:59Z","wp REST post 30145","ok"
"echo-hub-control-vs-echo-gen4","30146","2026-07-29T03:48:26.354Z","2026-07-29T03:48:26.342Z","2024-04-18T10:24:49Z","2024-07-16T08:54:36Z","wp REST post 30146","ok"
"rachio-3-smart-irrigation-system","30150","2026-07-29T03:48:27.393Z","2026-07-29T03:48:27.379Z","2024-04-18T10:24:49Z","2024-07-15T20:01:13Z","wp REST post 30150","ok"
"smart-voice-recorder","30151","2026-07-29T03:48:28.456Z","2026-07-29T03:48:28.443Z","2024-04-18T10:24:49Z","2024-07-15T20:03:51Z","wp REST post 30151","ok"
"ecobee-smart-thermostat-sensor-siri","30143","2026-07-29T03:48:29.471Z","2026-07-29T03:48:29.458Z","2024-04-18T10:24:50Z","2024-07-15T20:01:10Z","wp REST post 30143","ok"
"echo-show-8-vs-echo-show-5-charcoal-2024","30144","2026-07-29T03:48:30.567Z","2026-07-29T03:48:30.551Z","2024-04-18T10:24:50Z","2024-07-15T20:04:00Z","wp REST post 30144","ok"
"top-rated-smart-robot-vacuums-effortless-cleaning","30120","2026-07-29T03:48:31.593Z","2026-07-29T03:48:31.578Z","2024-04-18T10:24:51Z","2024-07-15T20:04:12Z","wp REST post 30120","ok"
"outdoor-security-cameras","29946","2026-07-29T03:48:32.565Z","2026-07-29T03:48:32.554Z","2024-04-18T10:24:54Z","2024-07-15T20:01:04Z","wp REST post 29946","ok"
"smart-blinds-integration","29948","2026-07-29T03:48:33.562Z","2026-07-29T03:48:33.551Z","2024-04-18T10:24:54Z","2024-07-15T20:01:13Z","wp REST post 29948","ok"
"program-schedule-ecobee-thermostat","29958","2026-07-29T03:48:34.517Z","2026-07-29T03:48:34.506Z","2024-04-18T10:24:54Z","2024-07-15T20:03:09Z","wp REST post 29958","ok"
"kasa-smart-led-strip-vs-led","29931","2026-07-29T03:48:35.534Z","2026-07-29T03:48:35.523Z","2024-04-18T10:24:55Z","2024-06-26T05:37:41Z","wp REST post 29931","ok"
"best-brands-security-sensors","29939","2026-07-29T03:48:36.497Z","2026-07-29T03:48:36.484Z","2024-04-18T10:24:55Z","2024-07-15T20:01:00Z","wp REST post 29939","ok"
"ring-alarm-2nd-gen-vs-hiistar","29925","2026-07-29T03:48:37.543Z","2026-07-29T03:48:37.531Z","2024-04-18T10:24:56Z","2024-07-16T09:01:12Z","wp REST post 29925","ok"
"govee-led-vs-rgbic-bars","29930","2026-07-29T03:48:38.577Z","2026-07-29T03:48:38.564Z","2024-04-18T10:24:56Z","2024-07-16T08:58:43Z","wp REST post 29930","ok"
"ultraloq-u-bolt-pro-wifi-smart-lock","23959","2026-07-29T03:48:39.550Z","2026-07-29T03:48:39.535Z","2024-03-16T03:06:16Z","2024-07-15T20:07:02Z","wp REST post 23959","ok"
"fully-automated-smart-home-routine-wake-up-to-bedtime","","2026-07-29T18:20:07.505Z","2026-07-29T18:20:07.487Z","","","","no_legacyWpId"
"layered-smart-home-security-system-sensors-cameras-automated-alerts","","2026-07-29T18:28:31.051Z","2026-07-29T18:28:31.024Z","","","","no_legacyWpId"
"build-fully-automated-home-routine-single-smart-hub","","2026-07-29T18:30:43.824Z","2026-07-29T18:30:43.808Z","","","","no_legacyWpId"
"build-fully-integrated-smart-home-automation-system-from-scratch","","2026-07-29T18:37:22.912Z","2026-07-29T18:37:22.892Z","","","","no_legacyWpId"
"voice-assistant-vs-app-control-choosing-right-hub-home-automation","","2026-07-29T18:38:25.966Z","2026-07-29T18:38:25.945Z","","","","no_legacyWpId"
"build-layered-smart-home-security-cameras-sensors-automation","","2026-07-29T18:40:04.517Z","2026-07-29T18:40:04.498Z","","","","no_legacyWpId"
"integrating-smart-locks-doorbells-motion-detectors-automated-security-routine","","2026-07-29T18:42:07.914Z","2026-07-29T18:42:07.883Z","","","","no_legacyWpId"
"local-vs-cloud-based-smart-security-homeowners-guide","","2026-07-29T18:47:04.524Z","2026-07-29T18:47:04.505Z","","","","no_legacyWpId"
"how-to-choose-the-right-smart-hub-for-your-home-automation-setup","","2026-07-29T23:50:17.756Z","2026-07-29T23:50:17.742Z","","","","no_legacyWpId"
"zigbee-z-wave-wi-fi-smart-devices-explained","","2026-07-29T23:51:16.124Z","2026-07-29T23:51:16.099Z","","","","no_legacyWpId"
"smart-home-devices-that-work-together-without-a-bridge","","2026-07-29T23:52:14.256Z","2026-07-29T23:52:14.243Z","","","","no_legacyWpId"
"room-by-room-guide-to-building-a-fully-automated-smart-home","","2026-07-29T23:53:16.796Z","2026-07-29T23:53:16.778Z","","","","no_legacyWpId"
